libhogweed6t64_3.9.1-2.2build1.1_i386.deb	202460
libgsm1_1.0.22-1build1_amd64.deb	27810
ssh-import-id_5.11-0ubuntu2.24.04.1_all.deb	10140
apparmor_4.0.1really4.0.1-0ubuntu0.24.04.7_amd64.deb	639704
libxvidcore4_2%3a1.3.7-1build1_i386.deb	221742
libvorbis0a_1.3.7-1build3_i386.deb	95346
libtheora0_1.1.1+dfsg.1-16.1build3_i386.deb	163722
libncurses6_6.4+20240113-1ubuntu2.2_i386.deb	120728
libbz2-1.0_1.0.8-5.1ubuntu0.1_i386.deb	33950
libzmq5_4.3.5-1build2_amd64.deb	260300
libssh-4_0.10.6-2ubuntu0.5_i386.deb	215730
libavcodec60_7%3a6.1.1-3ubuntu5_amd64.deb	5851220
libapparmor1_4.0.1really4.0.1-0ubuntu0.24.04.7_i386.deb	51992
libchromaprint1_1.5.1-5_amd64.deb	30524
libgdk-pixbuf-2.0-0_2.42.10+dfsg-3ubuntu3.3_i386.deb	159330
libsrt1.5-gnutls_1.5.3-1build2_i386.deb	376428
libopenmpt0t64_0.7.3-1.1build3_i386.deb	933630
librabbitmq4_0.11.0-1ubuntu0.2_i386.deb	44074
libudfread0_1.1.2-1build1_i386.deb	18068
libsasl2-modules-db_2.1.28+dfsg1-5ubuntu3.1_i386.deb	21806
libpangocairo-1.0-0_1.52.1+ds-1build1_i386.deb	30604
libogg0_1.3.5-3build1_i386.deb	23464
libavahi-client3_0.8-13ubuntu6.2_i386.deb	29838
libsnappy1v5_1.1.10-1build1_i386.deb	30998
liblzma5_5.6.1+really5.4.5-1ubuntu0.3_i386.deb	133418
libgdbm-compat4t64_1.23-5.1build1_i386.deb	7194
libmd0_1.1.0-2build1.1_i386.deb	29358
libtasn1-6_4.19.0-3ubuntu0.24.04.2_i386.deb	45440
libpoppler134_24.02.0-1ubuntu9.9_i386.deb	1157016
libhwy1t64_1.0.7-8.1build1_amd64.deb	584050
libharfbuzz0b_8.3.0-2build2_i386.deb	525104
libnss3_2%3a3.98-1ubuntu0.2_i386.deb	1595462
libxvidcore4_2%3a1.3.7-1build1_amd64.deb	219400
libzvbi0t64_0.2.42-2_amd64.deb	260558
libstdc++6_14.2.0-4ubuntu2~24.04.1_i386.deb	861798
libffi8_3.4.6-1build1_i386.deb	22840
libpgm-5.3-0t64_5.3.128~dfsg-2.1build1_i386.deb	183232
liblcms2-2_2.14-2ubuntu0.1_i386.deb	173930
libva-drm2_2.20.0-2ubuntu0.2_amd64.deb	7124
libjack-jackd2-0_1.9.21~dfsg-3ubuntu3_amd64.deb	288676
libcairo2_1.18.0-3build1_i386.deb	636476
librist4_0.2.10+dfsg-2_amd64.deb	74894
libjbig0_2.1-6.1ubuntu2_i386.deb	29350
ncurses-term_6.4+20240113-1ubuntu2.2_all.deb	274912
libbluray2_1%3a1.3.4-1build1_amd64.deb	159390
libdbus-1-3_1.14.10-4ubuntu4.1_i386.deb	227604
libspeexdsp1_1.2.1-1ubuntu3_i386.deb	42644
libcom-err2_1.47.0-2.4~exp1ubuntu4.1_i386.deb	23334
libswresample4_7%3a6.1.1-3ubuntu5_amd64.deb	63782
libshine3_3.1.1-2build1_amd64.deb	23170
libgcrypt20_1.10.3-2ubuntu0.2_i386.deb	506780
libk5crypto3_1.20.1-6ubuntu2.8_amd64.deb	81946
libxcb-shm0_1.15-1ubuntu2_i386.deb	5850
libelf1t64_0.190-1.1ubuntu0.1_i386.deb	62274
libidn2-0_2.3.7-2build1.1_i386.deb	102102
libnorm1t64_1.5.9+dfsg-3.1build1_amd64.deb	153694
libmp3lame0_3.100-6build1_i386.deb	142992
libzmq5_4.3.5-1build2_i386.deb	330994
libgme0_0.6.3-7build1_amd64.deb	134050
libcurl3t64-gnutls_8.5.0-2ubuntu10.13_i386.deb	370008
libopenjp2-7_2.5.0-2ubuntu0.5_i386.deb	186914
ocl-icd-libopencl1_2.3.2-1build1_amd64.deb	38530
libkrb5-3_1.20.1-6ubuntu2.8_amd64.deb	347620
libcjson1_1.7.17-1_amd64.deb	24762
libxrender1_1%3a0.9.10-1.1build1_i386.deb	20466
libpoppler-glib8t64_24.02.0-1ubuntu9.9_i386.deb	168096
liborc-0.4-0t64_1%3a0.4.38-1ubuntu0.1_i386.deb	222678
libgme0_0.6.3-7build1_i386.deb	148260
libwayland-client0_1.22.0-2.1build1_i386.deb	28400
librav1e0_0.7.1-2_amd64.deb	1021698
libcairo-gobject2_1.18.0-3build1_i386.deb	125888
libpng16-16t64_1.6.43-5ubuntu0.6_i386.deb	193914
libwebp7_1.3.2-0.4build3_i386.deb	236902
mesa-utils_9.0.0-2_amd64.deb	1051400
libnorm1t64_1.5.9+dfsg-3.1build1_i386.deb	260718
libnghttp2-14_1.59.0-1ubuntu0.4_i386.deb	90028
libsamplerate0_0.2.2-4build1_i386.deb	1343822
krb5-locales_1.20.1-6ubuntu2.8_all.deb	15074
libvdpau1_1.5-2build1_amd64.deb	27836
libsnmp40t64_5.9.4+dfsg-1.1ubuntu3.2_i386.deb	1096270
libgsm1_1.0.22-1build1_i386.deb	28640
libkrb5support0_1.20.1-6ubuntu2.8_i386.deb	38612
libsoxr0_0.1.3-4build3_amd64.deb	80038
libdeflate0_1.19-1build1.1_i386.deb	44456
libpgm-5.3-0t64_5.3.128~dfsg-2.1build1_amd64.deb	166620
libexpat1_2.6.1-2ubuntu0.4_i386.deb	91420
libasound2t64_1.2.11-1ubuntu0.3_i386.deb	428594
libvorbisfile3_1.3.7-1build3_i386.deb	19962
libxfixes3_1%3a6.0.0-2build1_i386.deb	11604
libxcb-render0_1.15-1ubuntu2_i386.deb	17316
libx264-164_2%3a0.164.3108+git31e19f9-1_i386.deb	1029126
libxkbcommon0_1.6.0-1build1_i386.deb	126374
libssh-gcrypt-4_0.10.6-2ubuntu0.5_amd64.deb	225808
libpci3_1%3a3.10.0-2build1_i386.deb	40470
python3-pefile_2023.2.7-3_all.deb	66476
libsasl2-2_2.1.28+dfsg1-5ubuntu3.1_i386.deb	61544
libxau6_1%3a1.0.9-1build6_i386.deb	7520
libgpg-error0_1.47-3build2.1_i386.deb	78898
libsharpyuv0_1.3.2-0.4build3_i386.deb	14778
libpango-1.0-0_1.52.1+ds-1build1_i386.deb	239246
libwrap0_7.6.q-33_i386.deb	49126
libpsl5t64_0.21.2-1.1build1_i386.deb	57732
libasound2-plugins_1.2.7.1-1ubuntu5_i386.deb	77070
libsodium23_1.0.18-1ubuntu0.24.04.1_i386.deb	187720
libavformat60_7%3a6.1.1-3ubuntu5_i386.deb	1333702
libavcodec60_7%3a6.1.1-3ubuntu5_i386.deb	5785266
libpixman-1-0_0.42.2-1build1_i386.deb	276762
libpcre2-8-0_10.42-4ubuntu2.1_i386.deb	226784
libunwind8_1.6.2-3build1.1_i386.deb	53782
libkrb5-3_1.20.1-6ubuntu2.8_i386.deb	394568
libvpx9_1.14.0-1ubuntu2.3_i386.deb	1129298
libgssapi-krb5-2_1.20.1-6ubuntu2.8_amd64.deb	142680
libswresample4_7%3a6.1.1-3ubuntu5_i386.deb	69514
libwebpmux3_1.3.2-0.4build3_i386.deb	27852
libflac12t64_1.4.3+ds-2.1ubuntu2_i386.deb	198778
libvdpau1_1.5-2build1_i386.deb	26856
libfontconfig1_2.15.0-1.1ubuntu2_i386.deb	145228
libsrt1.5-gnutls_1.5.3-1build2_amd64.deb	316428
libjpeg8_8c-2ubuntu11_i386.deb	2148
libldap2_2.6.10+dfsg-0ubuntu0.24.04.1_i386.deb	212908
winehq-devel_11.17~noble-1_amd64.deb	1320
libgnutls30t64_3.8.3-1.1ubuntu3.6_i386.deb	1016368
libcap2_1%3a2.66-5ubuntu2.4_i386.deb	31908
libdatrie1_0.2.13-3build1_i386.deb	21502
libxext6_2%3a1.3.4-1build2_i386.deb	33410
libxcb1_1.15-1ubuntu2_i386.deb	54348
libjxl0.7_0.7.0-10.2ubuntu6.1_amd64.deb	1001370
libcurl4t64_8.5.0-2ubuntu10.13_i386.deb	379234
libieee1284-3t64_0.2.11-14.1build1_i386.deb	24464
libsndfile1_1.2.2-1ubuntu5.24.04.1_i386.deb	240924
libxdmcp6_1%3a1.1.3-0ubuntu6_i386.deb	10738
libmbedcrypto7t64_2.28.8-1_i386.deb	211772
libsensors5_1%3a3.6.0-9build1_i386.deb	28440
libdw1t64_0.190-1.1ubuntu0.1_i386.deb	285356
libcjson1_1.7.17-1_i386.deb	26954
libc6_2.39-0ubuntu8.8_i386.deb	3009502
libexif12_0.6.24-1ubuntu0.24.04.1_i386.deb	86342
libp11-kit0_0.25.3-4ubuntu2.2_i386.deb	291246
libsqlite3-0_3.45.1-1ubuntu2.7_i386.deb	775860
librtmp1_2.4+20151223.gitfa8646d.1-2build7_i386.deb	60694
liblz4-1_1.9.4-1build1.1_i386.deb	69118
libvpl2_2023.3.0-1build1_amd64.deb	99802
libgphoto2-6t64_2.5.31-2.1ubuntu1.1_i386.deb	768782
libva-drm2_2.20.0-2ubuntu0.2_i386.deb	7306
libtinfo6_6.4+20240113-1ubuntu2.2_i386.deb	110326
curl_8.5.0-2ubuntu10.13_amd64.deb	226396
zlib1g_1%3a1.3.dfsg-3.1ubuntu2.2_i386.deb	59038
libthai0_0.1.29-2build1_i386.deb	19960
libsystemd0_255.4-1ubuntu8.17_i386.deb	457384
libnettle8t64_3.9.1-2.2build1.1_i386.deb	191182
libx265-199_3.5-2build1_i386.deb	738702
libltdl7_2.4.7-7build1_i386.deb	42058
libpulse0_1%3a16.1+dfsg1-2ubuntu10.1_i386.deb	300350
libspeex1_1.2.1-2ubuntu2.24.04.1_i386.deb	55642
libzstd1_1.5.5+dfsg2-2build1.1_i386.deb	288016
libjack-jackd2-0_1.9.21~dfsg-3ubuntu3_i386.deb	325866
libsnappy1v5_1.1.10-1build1_amd64.deb	28634
libbrotli1_1.1.0-2build2_i386.deb	334466
libdrm2_2.4.125-1ubuntu0.1~24.04.2_i386.deb	45514
libmbedcrypto7t64_2.28.8-1_amd64.deb	209262
libsvtav1enc1d1_1.7.0+dfsg-2build1_i386.deb	1129096
libperl5.38t64_5.38.2-3.2ubuntu0.4_i386.deb	4456042
libavformat60_7%3a6.1.1-3ubuntu5_amd64.deb	1153444
libgdbm6t64_1.23-5.1build1_i386.deb	39444
libsvtav1enc1d1_1.7.0+dfsg-2build1_amd64.deb	2424900
libdb5.3t64_5.3.28+dfsg2-7_i386.deb	806564
librabbitmq4_0.11.0-1ubuntu0.2_amd64.deb	38306
libjpeg-turbo8_2.1.5-2ubuntu2_i386.deb	151842
libxkbregistry0_1.6.0-1build1_i386.deb	15702
libavahi-common3_0.8-13ubuntu6.2_i386.deb	25722
libssh-gcrypt-4_0.10.6-2ubuntu0.5_i386.deb	251954
libbsd0_0.12.1-1build1.1_i386.deb	45274
libglib2.0-0t64_2.80.0-6ubuntu3.8_i386.deb	1668286
libgssapi-krb5-2_1.20.1-6ubuntu2.8_i386.deb	153652
libsane1_1.2.1-7build4_i386.deb	2854564
libavutil58_7%3a6.1.1-3ubuntu5_i386.deb	402698
libicu74_74.2-1ubuntu3.1_i386.deb	11048888
libopus0_1.4-1build1_i386.deb	210294
libgstreamer1.0-0_1.24.2-1ubuntu0.1_i386.deb	1280052
libnuma1_2.0.18-1ubuntu0.24.04.1_i386.deb	25268
libtiff6_4.5.1+git230720-4ubuntu2.5_i386.deb	209134
libdav1d7_1.4.1-1build1_amd64.deb	604018
libchromaprint1_1.5.1-5_i386.deb	44338
librsvg2-2_2.58.0+dfsg-1build1_i386.deb	2224404
libsodium23_1.0.18-1ubuntu0.24.04.1_amd64.deb	161290
libx11-xcb1_2%3a1.8.7-1build1_i386.deb	7774
libnspr4_2%3a4.35-1.1build1_i386.deb	127118
librist4_0.2.10+dfsg-2_i386.deb	87416
libfribidi0_1.0.13-3build1_i386.deb	26608
libgstreamer-plugins-base1.0-0_1.24.2-1ubuntu0.4_i386.deb	923710
libx11-6_2%3a1.8.7-1build1_i386.deb	670054
libzvbi0t64_0.2.42-2_i386.deb	266354
libasound2-plugins_1.2.7.1-1ubuntu5_amd64.deb	74850
libx265-199_3.5-2build1_amd64.deb	1226422
libwayland-egl1_1.22.0-2.1build1_i386.deb	5658
libgomp1_14.2.0-4ubuntu2~24.04.1_i386.deb	151252
libxml2_2.9.14+dfsg-1.3ubuntu3.8_i386.deb	722992
wine-devel_11.17~noble-1_amd64.deb	11586578
libk5crypto3_1.20.1-6ubuntu2.8_i386.deb	86328
libheif1_1.17.6-1ubuntu4.8_i386.deb	325356
libmpg123-0t64_1.32.5-1ubuntu1.1_i386.deb	174304
libpcsclite1_2.0.3-1build1_i386.deb	26036
libgmp10_2%3a6.3.0+dfsg-2ubuntu6.1_i386.deb	270268
libshine3_3.1.1-2build1_i386.deb	23486
libpcap0.8t64_1.10.4-4.1ubuntu3_i386.deb	157890
libzvbi-common_0.2.42-2_all.deb	42360
libapparmor1_4.0.1really4.0.1-0ubuntu0.24.04.7_amd64.deb	51272
wine-devel-i386_11.17~noble-1_i386.deb	142140490
libselinux1_3.5-2ubuntu2.1_i386.deb	84860
libgphoto2-port12t64_2.5.31-2.1ubuntu1.1_i386.deb	61242
libxpm4_1%3a3.5.17-1ubuntu0.24.04.1_i386.deb	37958
libusb-1.0-0_2%3a1.0.27-1_i386.deb	58198
libsoxr0_0.1.3-4build3_i386.deb	87096
libbluray2_1%3a1.3.4-1build1_i386.deb	155360
wine-devel-amd64_11.17~noble-1_amd64.deb	150150970
libmount1_2.39.3-9ubuntu6.6_i386.deb	200746
libgcc-s1_14.2.0-4ubuntu2~24.04.1_i386.deb	95466
libopenmpt0t64_0.7.3-1.1build3_amd64.deb	647356
libcodec2-1.2_1.2.0-2build1_amd64.deb	8998330
libgd3_2.3.3-9ubuntu5_i386.deb	133208
libfreetype6_2.13.2+dfsg-1ubuntu0.1_i386.deb	411966
mesa-utils-bin_9.0.0-2_amd64.deb	164440
libavahi-common-data_0.8-13ubuntu6.2_i386.deb	30048
libcrypt1_1%3a4.4.36-4build1_i386.deb	91866
libkeyutils1_1.6.3-3build1_i386.deb	9918
libssl3t64_3.0.13-0ubuntu3.15_i386.deb	1924298
libva-x11-2_2.20.0-2ubuntu0.2_i386.deb	12952
gcc-14-base_14.2.0-4ubuntu2~24.04.1_i386.deb	50950
libaom3_3.8.2-2ubuntu0.1_i386.deb	2059598
libxcb-dri3-0_1.15-1ubuntu2_i386.deb	7388
libheif-plugin-aomdec_1.17.6-1ubuntu4.8_i386.deb	11854
libudev1_255.4-1ubuntu8.17_i386.deb	181112
libpangoft2-1.0-0_1.52.1+ds-1build1_i386.deb	47260
libva2_2.20.0-2ubuntu0.2_i386.deb	70986
libasyncns0_0.8-6build4_i386.deb	11696
openssh-server_1%3a9.6p1-3ubuntu13.19_amd64.deb	511342
ocl-icd-libopencl1_2.3.2-1build1_i386.deb	41212
libx264-164_2%3a0.164.3108+git31e19f9-1_amd64.deb	603814
libavutil58_7%3a6.1.1-3ubuntu5_amd64.deb	401184
libunistring5_1.1-2build1.1_i386.deb	546830
libgraphite2-3_1.3.14-2ubuntu0.24.04.1_i386.deb	80478
libkrb5support0_1.20.1-6ubuntu2.8_amd64.deb	34688
libva2_2.20.0-2ubuntu0.2_amd64.deb	66362
libcodec2-1.2_1.2.0-2build1_i386.deb	8281106
libblkid1_2.39.3-9ubuntu6.6_i386.deb	194026
libudfread0_1.1.2-1build1_amd64.deb	18980
libvorbisenc2_1.3.7-1build3_i386.deb	73736
libdav1d7_1.4.1-1build1_i386.deb	361870
libva-x11-2_2.20.0-2ubuntu0.2_amd64.deb	12028
openssh-sftp-server_1%3a9.6p1-3ubuntu13.19_amd64.deb	37122
libtwolame0_0.4.0-2build3_i386.deb	50226
